Paper,Primary prerequisite
AIML 401,
AIML 402,
SCNC 597,
SCNC 598,
BSNS 580,
BSNS 590,
COMP 121,
COMP 122,COMP 121 or advanced placement test
COMP 220,COMP 121 or COMP 122
COMP 221,COMP 122
COMP 222,COMP 122
COMP 223,COMP 122
COMP 224,COMP 122
COMP 225,COMP 122 or COMP 220
COMP 226,36 points
COMP 321,COMP 221 and (MATH 130 or MATH 140 or MATH 160 or MATH 170)
COMP 322,COMP 220 or COMP 225
COMP 323,COMP 225
COMP 324,COMP 221 and (MATH 130 or MATH 140 or MATH 160 or MATH 170)
COMP 325,COMP 221 and (COMP 223 or COMP 224) and COMP 226
COMP 326,COMP 222
COMP 327,COMP 224
COMP 348,COMP 223
COMP 385,COMP 221 and COMP 223
COMP 421,
COMP 422,COMP 220 or COMP 225
COMP 423,
COMP 424,
COMP 425,
COMP 426,
COMP 427,
COMP 428,
COMP 480,
COMP 490,
DATA 101,
DATA 201,COMP 121 or STAT 110 or STAT 115 or MATH 130 or COMO 101 or BSNS 112
DATA 202,18 points 100-level COMP or 18 points 100-level DATA
DATA 301,COMP 220 or COMP 225
DATA 302,(ECON 210 or FINC 203 or STAT 210 or STAT 241) and DATA 201
DATA 303,DATA 202
DATA 402,
DATA 403,
DATA 404,
DHUM 101,
DHUM 201,36 points
DHUM 303,18 200-level points
DHUM 403,
INFO 420,STAT 110
SENG 299,
SENG 311,COMP 223
SENG 312,COMP 223
SENG 370,COMP 222 and COMP 223
SENG 399,SENG 299
SENG 470,SENG 370
SENG 499,SENG 399
SENG 580,